Damskie,,
Damskie,Buty,
Damskie,Buty,Botki
Damskie,Buty,Kozaki
Damskie,Buty,Półbuty
Damskie,Buty,Trzewiki
Damskie,Buty,Sportowe
Damskie,Buty,Czółenka i Szpilki
Damskie,Buty,Kalosze
Damskie,Buty,Klapki
Damskie,Buty,Trampki
Damskie,Buty,Sandały
Damskie,Buty,Kapcie
Damskie,Buty,Baleriny
Damskie,Buty,Espadryle
Damskie,Buty,Klapki basenowe
Męskie,,
Męskie,Buty,
Męskie,Buty,Półbuty
Męskie,Buty,Sportowe
Męskie,Buty,Trzewiki
Męskie,Buty,Botki
Męskie,Buty,Trampki
Męskie,Buty,Klapki
Męskie,Buty,Kapcie
Męskie,Buty,Sandały
Męskie,Buty,Klapki basenowe
Dziecięce,,
Dziecięce,Dziewczęce,
Dziecięce,Dziewczęce,Kozaki
Dziecięce,Dziewczęce,Trzewiki
Dziecięce,Dziewczęce,Botki
Dziecięce,Dziewczęce,Półbuty
Dziecięce,Dziewczęce,Kalosze
Dziecięce,Dziewczęce,Sportowe
Dziecięce,Dziewczęce,Kapcie
Dziecięce,Dziewczęce,Trampki
Dziecięce,Dziewczęce,Klapki
Dziecięce,Dziewczęce,Sandały
Dziecięce,Dziewczęce,Klapki basenowe
Dziecięce,Chłopięce,
Dziecięce,Chłopięce,Trzewiki
Dziecięce,Chłopięce,Kozaki
Dziecięce,Chłopięce,Półbuty
Dziecięce,Chłopięce,Sportowe
Dziecięce,Chłopięce,Kapcie
Dziecięce,Chłopięce,Kalosze
Dziecięce,Chłopięce,Trampki
Dziecięce,Chłopięce,Sandały
Dziecięce,Chłopięce,Klapki
Dziecięce,Chłopięce,Klapki basenowe
